[
  {
    "id": "4940beb3-a53d-4583-b6c5-ea0e7c9284cf",
    "data": [
      {
        "text": "Un",
        "meta": "@sys.ignore",
        "userDefined": false
      },
      {
        "text": " conseil Fengshui?",
        "userDefined": false
      }
    ],
    "isTemplate": false,
    "count": 1,
    "updated": 1548943986
  },
  {
    "id": "3af726f0-bd0c-4361-a503-637253f10830",
    "data": [
      {
        "text": "DOnne ",
        "userDefined": false
      },
      {
        "text": "moi",
        "meta": "@sys.ignore",
        "userDefined": false
      },
      {
        "text": " ",
        "userDefined": false
      },
      {
        "text": "un",
        "meta": "@sys.ignore",
        "userDefined": false
      },
      {
        "text": " conseil",
        "userDefined": false
      }
    ],
    "isTemplate": false,
    "count": 0,
    "updated": 1548943986
  }
]