[
  {
    "id": "bce28bd7-780f-4a08-b92d-25956a1ebb5f",
    "data": [
      {
        "text": "Quel est le signe chinois de quelqu\u0027",
        "userDefined": false
      },
      {
        "text": "un",
        "meta": "@sys.ignore",
        "userDefined": false
      },
      {
        "text": " né le  ",
        "userDefined": false
      },
      {
        "text": "8 janvier 1987",
        "alias": "date",
        "meta": "@sys.date",
        "userDefined": true
      }
    ],
    "isTemplate": false,
    "count": 0,
    "updated": 1548925218
  },
  {
    "id": "cb31cb09-66cd-450b-8c46-df6359552512",
    "data": [
      {
        "text": "Quel est mon signe chinois",
        "userDefined": false
      }
    ],
    "isTemplate": false,
    "count": 0,
    "updated": 1548925127
  },
  {
    "id": "bec2803e-b598-4d99-9142-af8c5d045487",
    "data": [
      {
        "text": "Signe astrologique chinois",
        "userDefined": false
      }
    ],
    "isTemplate": false,
    "count": 0,
    "updated": 1548925127
  },
  {
    "id": "87424d9a-37f7-4844-8228-fa97f2698519",
    "data": [
      {
        "text": "Quel est mon signe astrologique chinois",
        "userDefined": false
      }
    ],
    "isTemplate": false,
    "count": 0,
    "updated": 1548925127
  }
]