[
  {
    "id": "96b5b980-91cd-45e9-abee-6bc8b40968d6",
    "data": [
      {
        "text": "C\u0027est quoi ",
        "userDefined": false
      },
      {
        "text": "un",
        "meta": "@sys.ignore",
        "userDefined": false
      },
      {
        "text": " chiffre kua?",
        "userDefined": false
      }
    ],
    "isTemplate": false,
    "count": 0,
    "updated": 1548940714
  },
  {
    "id": "2c54a405-75bc-4be8-b9d3-2a0ffd33487b",
    "data": [
      {
        "text": "QU\u0027est ce que le kua ?",
        "userDefined": false
      }
    ],
    "isTemplate": false,
    "count": 0,
    "updated": 1548940669
  }
]