[
  {
    "id": "78391539-bee9-43ce-87e8-cd9b9f2f437a",
    "data": [
      {
        "text": "je veux le chiffre kua d\u0027",
        "userDefined": false
      },
      {
        "text": "une",
        "meta": "@sys.ignore",
        "userDefined": false
      },
      {
        "text": " ",
        "userDefined": false
      },
      {
        "text": "femme",
        "alias": "gender",
        "meta": "@gender",
        "userDefined": false
      },
      {
        "text": " né le ",
        "userDefined": false
      },
      {
        "text": "12 janvier 2012",
        "alias": "date",
        "meta": "@sys.date",
        "userDefined": true
      }
    ],
    "isTemplate": false,
    "count": 0,
    "updated": 1548968886
  },
  {
    "id": "83f60c63-0a5c-4393-8f5b-16bb1eae9983",
    "data": [
      {
        "text": "DOnne ",
        "userDefined": false
      },
      {
        "text": "moi",
        "meta": "@sys.ignore",
        "userDefined": false
      },
      {
        "text": " mon chiffre kua",
        "userDefined": false
      }
    ],
    "isTemplate": false,
    "count": 0,
    "updated": 1548968886
  },
  {
    "id": "d6fd750b-2b92-47a2-a82f-2af005be9cde",
    "data": [
      {
        "text": "Quel est le numéro kua pour ",
        "userDefined": false
      },
      {
        "text": "un",
        "meta": "@sys.ignore",
        "userDefined": false
      },
      {
        "text": " ",
        "userDefined": false
      },
      {
        "text": "homme",
        "alias": "gender",
        "meta": "@gender",
        "userDefined": true
      },
      {
        "text": "  né ",
        "userDefined": false
      },
      {
        "text": "le 8 janvier 1987",
        "alias": "date",
        "meta": "@sys.date",
        "userDefined": false
      }
    ],
    "isTemplate": false,
    "count": 0,
    "updated": 1548965529
  },
  {
    "id": "19d103b5-21eb-41a9-9e81-e8d93ccc3766",
    "data": [
      {
        "text": "quel est mon numéro kua",
        "userDefined": false
      }
    ],
    "isTemplate": false,
    "count": 0,
    "updated": 1548936882
  },
  {
    "id": "9b353e4d-c6f9-4bb0-b1ae-9ad6923c7a88",
    "data": [
      {
        "text": "Quel est mon kua",
        "userDefined": false
      }
    ],
    "isTemplate": false,
    "count": 0,
    "updated": 1548936882
  }
]